Epoch,Train Loss,Train Acc,Val Loss,Val Acc
1,0.8151443413855356,56.730960925039874,1.2842759543163762,41.15829346092504,0.001
2,0.7665590839713003,63.0432615629984,1.2846054689140076,41.163277511961724,0.001
3,0.7633852286582168,63.40958931419458,1.3265443072197542,41.15829346092504,0.001
4,0.7608046406193784,63.71610845295056,1.2953044677236278,41.17324561403509,0.0005
5,0.7603576654832709,63.868122009569376,1.3275913592356785,41.17822966507177,0.0005
6,0.7586237481146147,63.810805422647526,1.3189290537955656,41.17324561403509,0.0005
7,0.7603655763124926,63.638855661881976,1.317226475591113,41.17324561403509,0.00025
8,0.7559293346922173,64.00518341307814,1.2811564715804569,41.17324561403509,0.00025
9,0.7603624630392644,63.76470295055822,1.3191999314696925,41.183213716108455,0.00025
